{"meta": {"format": 3, "version": "7.10.1", "timestamp": "2025-08-01T18:47:15.004285", "branch_coverage": false, "show_contexts": false}, "files": {"docker_compose_mcp/__init__.py": {"executed_lines": [2, 9, 10, 11, 12, 13, 14, 15, 16, 17, 18, 19, 20, 22, 23, 24, 25, 26, 29, 32, 35, 36, 39, 40, 52, 63, 64, 65, 68, 70, 74, 75, 78, 79, 81, 86, 87, 88, 89, 90, 94, 111, 115, 119, 120, 123, 126, 127, 128, 137, 141, 142, 145, 146, 148, 154, 155, 156, 157, 158, 159, 160, 161, 163, 169, 170, 171, 172, 173, 174, 175, 176, 178, 184, 191, 193, 195, 196, 198, 199, 200, 201, 202, 206, 213, 214, 215, 217, 218, 223, 224, 233, 238, 240, 251, 255, 256, 259, 262, 263, 264, 265, 267, 268, 273, 279, 280, 281, 282, 283, 290, 293, 296, 297, 299, 334, 335, 349, 352, 353, 354, 355, 361, 362, 363, 366, 368, 371, 372, 374, 375, 376, 381, 383, 385, 386, 387, 390, 399, 401, 402, 404, 407, 408, 409, 410, 411, 412, 413, 414, 416, 417, 418, 419, 420, 421, 422, 423, 424, 426, 427, 436, 439, 459, 475, 491, 519, 579], "summary": {"covered_lines": 165, "num_statements": 277, "percent_covered": 59.56678700361011, "percent_covered_display": "60", "missing_lines": 112, "excluded_lines": 0}, "missing_lines": [69, 71, 82, 83, 91, 92, 112, 116, 121, 124, 138, 203, 204, 208, 209, 210, 235, 236, 252, 257, 260, 269, 270, 271, 284, 285, 286, 350, 367, 369, 405, 428, 429, 430, 431, 432, 433, 434, 445, 446, 448, 449, 450, 451, 453, 454, 455, 456, 461, 462, 463, 465, 466, 467, 468, 470, 471, 472, 482, 483, 484, 485, 486, 488, 497, 504, 505, 510, 516, 528, 529, 530, 531, 532, 535, 536, 537, 540, 541, 542, 545, 546, 547, 548, 549, 550, 551, 552, 553, 556, 557, 560, 563, 564, 565, 566, 567, 570, 571, 572, 573, 574, 575, 576, 580, 581, 582, 583, 584, 585, 586, 587], "excluded_lines": [], "functions": {"DockerComposeManager.__init__": {"executed_lines": [63, 64, 65, 68, 70, 74, 75, 78, 79, 81, 86, 87, 88, 89, 90], "summary": {"covered_lines": 15, "num_statements": 21, "percent_covered": 71.42857142857143, "percent_covered_display": "71", "missing_lines": 6, "excluded_lines": 0}, "missing_lines": [69, 71, 82, 83, 91, 92], "excluded_lines": []}, "DockerComposeManager._run_compose_command": {"executed_lines": [111, 115, 119, 120, 123, 126, 127, 128, 137, 141, 142, 145, 146], "summary": {"covered_lines": 13, "num_statements": 18, "percent_covered": 72.22222222222223, "percent_covered_display": "72", "missing_lines": 5, "excluded_lines": 0}, "missing_lines": [112, 116, 121, 124, 138], "excluded_lines": []}, "DockerComposeManager.start_compose": {"executed_lines": [154, 155, 156, 157, 158, 159, 160, 161], "summary": {"covered_lines": 8, "num_statements": 8, "percent_covered": 100.0, "percent_covered_display": "100", "missing_lines": 0, "excluded_lines": 0}, "missing_lines": [], "excluded_lines": []}, "DockerComposeManager.stop_compose": {"executed_lines": [169, 170, 171, 172, 173, 174, 175, 176], "summary": {"covered_lines": 8, "num_statements": 8, "percent_covered": 100.0, "percent_covered_display": "100", "missing_lines": 0, "excluded_lines": 0}, "missing_lines": [], "excluded_lines": []}, "DockerComposeManager.get_compose_status": {"executed_lines": [184, 191, 193, 195, 196, 198, 199, 200, 201, 202, 206, 213, 214, 215, 217, 218, 223, 224, 233, 238], "summary": {"covered_lines": 20, "num_statements": 27, "percent_covered": 74.07407407407408, "percent_covered_display": "74", "missing_lines": 7, "excluded_lines": 0}, "missing_lines": [203, 204, 208, 209, 210, 235, 236], "excluded_lines": []}, "DockerComposeManager.get_compose_logs": {"executed_lines": [251, 255, 256, 259, 262, 263, 264, 265, 267, 268], "summary": {"covered_lines": 10, "num_statements": 16, "percent_covered": 62.5, "percent_covered_display": "62", "missing_lines": 6, "excluded_lines": 0}, "missing_lines": [252, 257, 260, 269, 270, 271], "excluded_lines": []}, "DockerComposeManager.restart_compose": {"executed_lines": [279, 280, 281, 282, 283], "summary": {"covered_lines": 5, "num_statements": 8, "percent_covered": 62.5, "percent_covered_display": "62", "missing_lines": 3, "excluded_lines": 0}, "missing_lines": [284, 285, 286], "excluded_lines": []}, "list_tools": {"executed_lines": [299], "summary": {"covered_lines": 1, "num_statements": 1, "percent_covered": 100.0, "percent_covered_display": "100", "missing_lines": 0, "excluded_lines": 0}, "missing_lines": [], "excluded_lines": []}, "call_tool": {"executed_lines": [349, 352, 353, 354, 355, 361, 362, 363, 366, 368, 371, 372, 374, 375, 376, 381, 383, 385, 386, 387], "summary": {"covered_lines": 20, "num_statements": 23, "percent_covered": 86.95652173913044, "percent_covered_display": "87", "missing_lines": 3, "excluded_lines": 0}, "missing_lines": [350, 367, 369], "excluded_lines": []}, "format_status_output": {"executed_lines": [399, 401, 402, 404, 407, 408, 409, 410, 411, 412, 413, 414, 416, 417, 418, 419, 420, 421, 422, 423, 424, 426, 427, 436], "summary": {"covered_lines": 24, "num_statements": 32, "percent_covered": 75.0, "percent_covered_display": "75", "missing_lines": 8, "excluded_lines": 0}, "missing_lines": [405, 428, 429, 430, 431, 432, 433, 434], "excluded_lines": []}, "startup_hook": {"executed_lines": [], "summary": {"covered_lines": 0, "num_statements": 10, "percent_covered": 0.0, "percent_covered_display": "0", "missing_lines": 10, "excluded_lines": 0}, "missing_lines": [445, 446, 448, 449, 450, 451, 453, 454, 455, 456], "excluded_lines": []}, "shutdown_hook": {"executed_lines": [], "summary": {"covered_lines": 0, "num_statements": 10, "percent_covered": 0.0, "percent_covered_display": "0", "missing_lines": 10, "excluded_lines": 0}, "missing_lines": [461, 462, 463, 465, 466, 467, 468, 470, 471, 472], "excluded_lines": []}, "signal_handler": {"executed_lines": [], "summary": {"covered_lines": 0, "num_statements": 6, "percent_covered": 0.0, "percent_covered_display": "0", "missing_lines": 6, "excluded_lines": 0}, "missing_lines": [482, 483, 484, 485, 486, 488], "excluded_lines": []}, "parse_args": {"executed_lines": [], "summary": {"covered_lines": 0, "num_statements": 5, "percent_covered": 0.0, "percent_covered_display": "0", "missing_lines": 5, "excluded_lines": 0}, "missing_lines": [497, 504, 505, 510, 516], "excluded_lines": []}, "main": {"executed_lines": [], "summary": {"covered_lines": 0, "num_statements": 35, "percent_covered": 0.0, "percent_covered_display": "0", "missing_lines": 35, "excluded_lines": 0}, "missing_lines": [528, 529, 530, 531, 532, 535, 536, 537, 540, 541, 542, 545, 546, 547, 548, 549, 550, 551, 552, 553, 556, 557, 560, 563, 564, 565, 566, 567, 570, 571, 572, 573, 574, 575, 576], "excluded_lines": []}, "": {"executed_lines": [2, 9, 10, 11, 12, 13, 14, 15, 16, 17, 18, 19, 20, 22, 23, 24, 25, 26, 29, 32, 35, 36, 39, 40, 52, 94, 148, 163, 178, 240, 273, 290, 293, 296, 297, 334, 335, 390, 439, 459, 475, 491, 519, 579], "summary": {"covered_lines": 41, "num_statements": 49, "percent_covered": 83.6734693877551, "percent_covered_display": "84", "missing_lines": 8, "excluded_lines": 0}, "missing_lines": [580, 581, 582, 583, 584, 585, 586, 587], "excluded_lines": []}}, "classes": {"DockerComposeError": {"executed_lines": [], "summary": {"covered_lines": 0, "num_statements": 0, "percent_covered": 100.0, "percent_covered_display": "100", "missing_lines": 0, "excluded_lines": 0}, "missing_lines": [], "excluded_lines": []}, "DockerComposeManager": {"executed_lines": [63, 64, 65, 68, 70, 74, 75, 78, 79, 81, 86, 87, 88, 89, 90, 111, 115, 119, 120, 123, 126, 127, 128, 137, 141, 142, 145, 146, 154, 155, 156, 157, 158, 159, 160, 161, 169, 170, 171, 172, 173, 174, 175, 176, 184, 191, 193, 195, 196, 198, 199, 200, 201, 202, 206, 213, 214, 215, 217, 218, 223, 224, 233, 238, 251, 255, 256, 259, 262, 263, 264, 265, 267, 268, 279, 280, 281, 282, 283], "summary": {"covered_lines": 79, "num_statements": 106, "percent_covered": 74.52830188679245, "percent_covered_display": "75", "missing_lines": 27, "excluded_lines": 0},